Id,Name,Phone,Address,Country
81,Steven,3003262367,Calle 140 #14-51,Peru
4,Mafe,3035374588,Calle 140 #14-51,Colombia
80,Jaider,3005697348,Calle 140 #14-51,Peru
30,Steven,3025833289,Calle 140 #14-51,Espana
65,Mafe,3019725046,Calle 140 #14-51,Argentina
75,Steven,3011847397,Calle 140 #14-51,Espana
58,Mafe,3022871742,Calle 140 #14-51,Brazil
40,Steven,3003987738,Calle 140 #14-51,Brazil
99,Luna,3029653135,Calle 140 #14-51,Brazil
69,Luna,3031613793,Calle 140 #14-51,Espana
55,Yanet,3045442343,Calle 140 #14-51,Francia
